TEXT,INTEGER,TEXT,NUMERIC(5|2),INTEGER,INTEGER,INTEGER,INTEGER,TEXT,TEXT,TEXT
department,course_number,course_title,semester_hours,fall,spring,summer,winter,equivalent_with,prerequisites,corequisites
MATH,100,INTRODUCTORY TOPICS FOR CALCULUS,3,0,0,1,0,,,
MATH,111,CALCULUS FOR SCIENTISTS AND ENGINEERS I,4,,,,,,,
MATH,112,CALCULUS FOR SCIENTISTS AND ENGINEERS II,4,,,,,MATH122,MATH111,
MATH,113,CALCULUS FOR SCIENTISTS AND ENGINEERS II - SHORT FORM,1,1,1,0,0,,,
MATH,122,CALCULUS FOR SCIENTISTS AND ENGINEERS II HONORS,4,,,,,MATH112,,
MATH,198,SPECIAL TOPICS,6,1,1,0,0,,,
MATH,199,INDEPENDENT STUDY,,1,1,0,0,,,
MATH,201,INTRODUCTION TO STATISTICS,3,,,,,MATH323,MATH112,
MATH,213,CALCULUS FOR SCIENTISTS AND ENGINEERS III,4,,,,,,MATH112|MATH122,
MATH,214,CALCULUS FOR SCIENTIST AND ENGINEERS III - SHORT FORM,1,1,1,0,0,,,
MATH,223,CALCULUS FOR SCIENTISTS AND ENGINEERS III HONORS,4,1,1,0,0,,,
MATH,224,CALCULUS FOR SCIENTISTS AND ENGINEERS III HONORS,4,1,1,0,0,,,
MATH,225,DIFFERENTIAL EQUATIONS,3,,,,,,MATH112|MATH122,
MATH,235,DIFFERENTIAL EQUATIONS HONORS,3,1,1,0,0,,,
MATH,298,SPECIAL TOPICS,,1,1,0,0,,,
MATH,299,INDEPENDENT STUDY,,1,1,0,0,,,
MATH,300,FOUNDATIONS OF ADVANCED MATHEMATICS,3,1,1,0,0,,,
MATH,301,INTRODUCTION TO ANALYSIS,3,,,,,MATH401,,
MATH,307,INTRODUCTION TO SCIENTIFIC COMPUTING,3,,,,,CSCI407&MATH407,,
MATH,310,INTRODUCTION TO MATHEMATICAL MODELING,3,1,1,0,0,,,
MATH,332,LINEAR ALGEBRA,3,,,,,,MATH213|MATH223|MATH224,
MATH,334,INTRODUCTION TO PROBABILITY,3,1,1,1,0,,MATH213|MATH223|MATH224,
MATH,335,INTRODUCTION TO MATHEMATICAL STATISTICS,3,1,1,0,0,,MATH334,
MATH,340,COOPERATIVE EDUCATION,3,,,,,,,
MATH,342,HONORS LINEAR ALGEBRA,3,,,,,,,
MATH,348,ADVANCED ENGINEERING MATHEMATICS,3,,,,,,,
MATH,398,SPECIAL TOPICS,6,1,1,0,0,,,
MATH,399,INDEPENDENT STUDY,,1,1,0,0,,,
MATH,408,COMPUTATIONAL METHODS FOR DIFFERENTIAL EQUATIONS,3,1,0,0,0,,,
MATH,424,INTRODUCTION TO APPLIED STATISTICS,3,1,0,0,0,,MATH201|MATH335,
MATH,431,MATHEMATICAL BIOLOGY,3,1,0,0,0,,,
MATH,432,SPATIAL STATISTICS,3,1,1,0,0,,MATH424&MATH332&MATH335,
MATH,436,ADVANCED STATISTICAL MODELING,3,1,0,0,0,,MATH332&MATH335&MATH424,
MATH,437,MULTIVARIATE ANALYSIS,3,1,0,0,0,,(MATH335|MATH201)&(MATH332|MATH342)&MATH424,
MATH,438,STOCHASTIC MODELS,3,1,0,0,0,,MATH332&MATH334,
MATH,439,SURVIVAL ANALYSIS,3,,,,,,MATH335,
MATH,440,PARALLEL SCIENTIFIC COMPUTING,3,,,,,CSCI440,,
MATH,454,COMPLEX ANALYSIS,3,1,0,0,0,,,
MATH,455,PARTIAL DIFFERENTIAL EQUATIONS,3,1,1,0,0,,,
MATH,457,INTEGRAL EQUATIONS,3,1,0,0,0,,,
MATH,458,ABSTRACT ALGEBRA,3,1,0,0,0,,,
MATH,459,ASYMPTOTICS,3,,,,,MATH559,,
MATH,470,MATHEMATICAL MODELING OF SPATIAL PROCESSES IN BIOLOGY,3,1,0,0,0,,,
MATH,472,MATHEMATICAL AND COMPUTATIONAL NEUROSCIENCE,3,1,0,0,0,,,
MATH,482,STATISTICS PRACTICUM (CAPSTONE),4,1,0,0,0,,,
MATH,484,MATHEMATICAL AND COMPUTATIONAL MODELING (CAPSTONE),4,1,0,0,0,,,
MATH,491,UNDERGRADUATE RESEARCH,,1,0,0,0,,,
MATH,492,UNDERGRADUATE RESEARCH,,1,0,0,0,,,
MATH,498,SPECIAL TOPICS,,1,1,0,0,,,
MATH,499,INDEPENDENT STUDY,,1,1,0,0,,,
CBEN,110,FUNDAMENTALS OF BIOLOGY I,4,,,,,BIOL110,,
CBEN,120,FUNDAMENTALS OF BIOLOGY II,4,,,,,CBEN323,,
CBEN,198,SPECIAL TOPICS,6,,,,,,,
CBEN,199,INDEPENDENT STUDY,,,,,,,,
CBEN,200,COMPUTATIONAL METHODS IN CHEMICAL ENGINEERING,3,1,0,0,0,,,
CBEN,201,MATERIAL AND ENERGY BALANCES,3,,,,,CHEN201,,
CBEN,202,CHEMICAL PROCESS PRINCIPLES LABORATORY,1,1,0,0,0,,,
CBEN,210,INTRO TO THERMODYNAMICS,3,1,1,0,0,,,
CBEN,250,INTRODUCTION TO CHEMICAL ENGINEERING ANALYSIS AND DESIGN,3,,,,,,,
CBEN,298,SPECIAL TOPICS,,,,,,,,
CBEN,299,INDEPENDENT STUDY,,,,,,,,
CBEN,304,ANATOMY AND PHYSIOLOGY,3,,,,,CBEN404,,
CBEN,305,ANATOMY AND PHYSIOLOGY LAB,1,,,,,CBEN405,,
CBEN,307,FLUID MECHANICS,3,1,0,0,0,,,
CBEN,308,HEAT TRANSFER,3,1,0,0,0,,,
CBEN,310,INTRODUCTION TO BIOMEDICAL ENGINEERING,3,,,,,,,
CBEN,311,INTRODUCTION TO NEUROSCIENCE,3,,,,,,,
CBEN,312,UNIT OPERATIONS LABORATORY,3,0,0,1,0,,,
CBEN,313,UNIT OPERATIONS LABORATORY,3,0,0,1,0,,,
CBEN,314,CHEMICAL ENGINEERING HEAT AND MASS TRANSFER,4,1,0,0,0,,,
CBEN,315,INTRODUCTION TO ELECTROCHEMICAL ENGINEERING,3,1,0,0,0,,,
CBEN,320,CELL BIOLOGY AND PHYSIOLOGY,3,,,,,CBEN410,,
CBEN,321,INTRO TO GENETICS,4,1,0,0,0,,,
CBEN,322,BIOLOGICAL PSYCHOLOGY,3,,,,,,,
CBEN,323,GENERAL BIOLOGY II LABORATORY,1,,,,,CBEN120,,
CBEN,324,INTRODUCTION TO BREWING SCIENCE,3,1,0,0,0,,,
CBEN,325,MCAT REVIEW,3,1,0,0,0,,,
CBEN,340,COOPERATIVE EDUCATION,,,,,,,,
CBEN,350,HONORS UNDERGRADUATE RESEARCH,,,,,,,,
CBEN,351,HONORS UNDERGRADUATE RESEARCH,,,,,,,,
CBEN,357,CHEMICAL ENGINEERING THERMODYNAMICS,3,1,0,0,0,,,
CBEN,358,CHEMICAL ENGINEERING THERMODYNAMICS LABORATORY,1,1,0,0,0,,,
CBEN,360,BIOPROCESS ENGINEERING,3,,,,,,,
CBEN,365,INTRODUCTION TO CHEMICAL ENGINEERING PRACTICE,3,1,0,0,0,,,
CBEN,368,INTRODUCTION TO UNDERGRADUATE RESEARCH,1,,,,,,,
CBEN,372,INTRODUCTION TO BIOENERGY,3,,,,,,,
CBEN,375,CHEMICAL ENGINEERING SEPARATIONS,3,1,0,0,0,,,
CBEN,398,SPECIAL TOPICS,,,,,,,,
CBEN,399,INDEPENDENT STUDY,,,,,,,,
CBEN,401,PROCESS OPTIMIZATION,3,,,,,,,
CBEN,402,CHEMICAL ENGINEERING DESIGN,3,1,0,0,0,,,
CBEN,403,PROCESS DYNAMICS AND CONTROL,3,1,0,0,0,,,
CBEN,408,NATURAL GAS PROCESSING,3,,,,,,,
CBEN,409,PETROLEUM PROCESSES,3,1,0,0,0,,,
CBEN,411,"NEUROSCIENCE, MEMORY, AND LEARNING",3,,,,,CBEN511,,
CBEN,412,INTRODUCTION TO PHARMACOLOGY,3,1,0,0,0,,,
CBEN,413,QUANTITATIVE HUMAN BIOLOGY,3,,,,,,,
CBEN,414,CHEMICAL PROCESS SAFETY,1,1,0,0,0,,,
CBEN,415,POLYMER SCIENCE AND TECHNOLOGY,3,,,,,CHGN430&MLGN530,,
CBEN,416,POLYMER ENGINEERING AND TECHNOLOGY,3,,,,,,,
CBEN,418,KINETICS AND REACTION ENGINEERING,3,,,,,,,
CBEN,420,MATHEMATICAL METHODS IN CHEMICAL ENGINEERING,3,,,,,,,
CBEN,422,CHEMICAL ENGINEERING FLOW ASSURANCE,3,1,0,0,0,,,
CBEN,426,ADVANCED FUNCTIONAL POROUS MATERIALS,3,,,,,,,
CBEN,430,TRANSPORT PHENOMENA,3,1,0,0,0,,,
CBEN,431,IMMUNOLOGY FOR ENGINEERS AND SCIENTISTS,3,,,,,,,
CBEN,432,TRANSPORT PHENOMENA IN BIOLOGICAL SYSTEMS,3,,,,,,,
CBEN,435,INTERDISCIPLINARY MICROELECTRONICS,3,,,,,MLGN535&PHGN435&PHGN535,,
CBEN,440,MOLECULAR PERSPECTIVES IN CHEMICAL ENGINEERING,3,,,,,,,
CBEN,450,HONORS UNDERGRADUATE RESEARCH,,,,,,,,
CBEN,451,HONORS UNDERGRADUATE RESEARCH,,,,,,,,
CBEN,454,APPLIED BIOINFORMATICS,3,1,0,0,0,,,
CBEN,455,INTERNATIONAL GENETIC ENGINEERED MACHINE SEMINAR,1,,,,,,,
CBEN,460,BIOCHEMICAL PROCESS ENGINEERING,3,1,0,0,0,,,
CBEN,461,BIOCHEMICAL PROCESS ENGINEERING LABORATORY,1,1,0,0,0,,,
CBEN,469,FUEL CELL SCIENCE AND TECHNOLOGY,3,,,,,MEGN469&MTGN469,,
CBEN,470,INTRODUCTION TO MICROFLUIDICS,3,,,,,,,
CBEN,472,INTRODUCTION TO ENERGY TECHNOLOGIES,3,1,0,0,0,,,
CBEN,480,NATURAL GAS HYDRATES,3,,,,,,,
CBEN,498,SPECIAL TOPICS,,,,,,,,
CBEN,499,INDEPENDENT STUDY,,,,,,,,
CEEN,198,SPECIAL TOPICS,,1,1,0,0,,,
CEEN,199,INDEPENDENT STUDY,,1,1,0,0,,,
CEEN,210,INTRODUCTION TO CIVIL INFRASTRUCTURE,1.5,1,0,0,0,,,
CEEN,241,STATICS,3,,,,,,,
CEEN,267,DESIGN II: CIVIL ENGINEERING,3,,,,,EPIC267,,
CEEN,298,SPECIAL TOPICS,,1,1,0,0,,,
CEEN,299,INDEPENDENT STUDY,,1,1,0,0,,,
CEEN,301,FUNDAMENTALS OF ENVIRONMENTAL ENGINEERING: WATER,3,1,1,0,0,,,
CEEN,302,FUNDAMENTALS OF ENVIRONMENTAL ENGINEERING: AIR AND WASTE MANAGEMENT,3,1,1,0,0,,,
CEEN,303,ENVIRONMENTAL ENGINEERING LABORATORY,3,,,,,ESGN355,,
CEEN,310,FLUID MECHANICS FOR CIVIL AND ENVIRONMENTAL ENGINEERING,3,1,1,0,0,,,
CEEN,311,MECHANICS OF MATERIALS,3,,,,,,,
CEEN,312,SOIL MECHANICS,3,1,1,0,0,,,
CEEN,312,SOIL MECHANICS LABORATORY,1,1,1,0,0,,,
CEEN,314,STRUCTURAL THEORY,3,1,1,0,0,,,
CEEN,315,CIVIL AND ENVIRONMENTAL ENGINEERING TOOLS,1.5,,,,,,,
CEEN,330,"ENGINEERING FIELD SESSION, ENVIRONMENTAL",3,0,0,1,0,,,
CEEN,331,"ENGINEERING FIELD SESSION, CIVIL",3,0,0,1,0,,,
CEEN,340,COOPERATIVE EDUCATION,3,1,1,1,0,,,
CEEN,350,CIVIL AND CONSTRUCTION ENGINEERING MATERIALS,3,,,,,,,
CEEN,360,INTRODUCTION TO CONSTRUCTION ENGINEERING,3,1,0,0,0,,,
CEEN,381,HYDROLOGY AND WATER RESOURCES ENGINEERING,3,,,,,CEEN481&ESGN459,,
CEEN,398,SPECIAL TOPICS IN CIVIL AND ENVIRONMENTAL ENGINEERING,6,1,1,0,0,,,
CEEN,399,INDEPENDENT STUDY,,,,,,,,
CEEN,401,LIFE CYCLE ASSESSMENT,3,,,,,,,
CEEN,402,PROJECT ENGINEERING,3,,,,,,,
CEEN,405,NUMERICAL METHODS FOR ENGINEERS,3,,,,,,,
CEEN,406,FINITE ELEMENT METHODS FOR ENGINEERS,3,,,,,,,
CEEN,410,ADVANCED SOIL MECHANICS,3,,,,,,,
CEEN,411,UNSATURATED SOIL MECHANICS,3,,,,,CEEN512,,
CEEN,415,FOUNDATION ENGINEERING,3,1,1,0,0,,,
CEEN,419,RISK ASSESSMENT IN GEOTECHNICAL ENGINEERING,3,,,,,,,
CEEN,421,HIGHWAY AND TRAFFIC ENGINEERING,3,,,,,,,
CEEN,423,SURVEYING FOR ENGINEERS AND INFRASTRUCTURE DESIGN PRACTICES,3,1,0,0,0,,,
CEEN,425,CEMENTITIOUS MATERIALS FOR CONSTRUCTION,3,,,,,,,
CEEN,426,DURABILITY OF CONCRETE,3,,,,,,,
CEEN,430,ADVANCED STRUCTURAL ANALYSIS,3,1,0,0,0,,,
CEEN,433,MATRIX STRUCTURAL ANALYSIS,3,,,,,CEEN533,,
CEEN,441,INTRODUCTION TO THE SEISMIC DESIGN OF STRUCTURES,3,1,0,0,0,,,
CEEN,442,TIMBER AND MASONRY DESIGN,3,1,0,0,0,,,
CEEN,443,DESIGN OF STEEL STRUCTURES,3,1,1,0,0,,,
CEEN,445,DESIGN OF REINFORCED CONCRETE STRUCTURES,3,1,1,0,0,,,
CEEN,446,STRUCTURAL LOADS,3,,,,,,,
CEEN,460,MOLECULAR MICROBIAL ECOLOGY AND THE ENVIRONMENT,3,1,0,0,0,,,
CEEN,461,FUNDAMENTALS OF ECOLOGY,3,,,,,,,
CEEN,470,WATER AND WASTEWATER TREATMENT PROCESSES,3,,,,,BELS453&EGGN453&ESGN453,,
CEEN,471,WATER AND WASTEWATER TREATMENT SYSTEMS ANALYSIS AND DESIGN,3,1,0,0,0,,,
CEEN,472,ONSITE WATER RECLAMATION AND REUSE,3,1,0,0,0,,,
CEEN,473,HYDRAULIC PROBLEMS,3,,,,,,,
CEEN,475,SITE REMEDIATION ENGINEERING,3,,,,,,,
CEEN,477,SUSTAINABLE ENGINEERING DESIGN,3,1,0,0,0,,,
CEEN,479,AIR POLLUTION,3,1,0,0,0,,,
CEEN,480,CHEMICAL FATE AND TRANSPORT IN THE ENVIRONMENT,3,,,,,ESGN440,,
CEEN,482,HYDROLOGY AND WATER RESOURCES LABORATORY,3,1,0,0,0,,,
CEEN,492,ENVIRONMENTAL LAW,3,,,,,CEEN592&PEGN530,,
CEEN,498,SPECIAL TOPICS IN CIVIL AND ENVIRONMENTAL ENGINEERING,,1,1,0,0,,,
CEEN,499,INDEPENDENT STUDY,,,,,,,,
CHGN,111,INTRODUCTORY CHEMISTRY,3,0,0,1,0,,,
CHGN,121,PRINCIPLES OF CHEMISTRY I,4,,,,,,,
CHGN,122,PRINCIPLES OF CHEMISTRY II (SC1),4,,,,,,,
CHGN,125,MOLECULAR ENGINEERING & MATERIALS CHEMISTRY,4,1,1,0,0,,,
CHGN,198,SPECIAL TOPICS,6,1,1,0,0,,,
CHGN,199,INDEPENDENT STUDY,,1,1,0,0,,,
CHGN,209,INTRODUCTION TO CHEMICAL THERMODYNAMICS,3,,,,,,,
CHGN,221,ORGANIC CHEMISTRY I,3,1,0,1,0,,,
CHGN,222,ORGANIC CHEMISTRY II,3,0,1,1,0,,,
CHGN,223,ORGANIC CHEMISTRY I LABORATORY,1,,,,,,,
CHGN,224,ORGANIC CHEMISTRY II LABORATORY,1,0,1,1,0,,,
CHGN,298,SPECIAL TOPICS,,1,1,0,0,,,
CHGN,299,INDEPENDENT STUDY,,1,1,0,0,,,
CHGN,311,INTRODUCTION TO NANOSCIENCE AND NANOTECHNOLOGY,3,1,0,0,0,,,
CHGN,323,QUALITATIVE ORGANIC ANALYSIS AND APPLIED SPECTROSCOPY,2,1,0,0,0,,,
CHGN,335,INSTRUMENTAL ANALYSIS,3,1,0,0,0,,,
CHGN,336,ANALYTICAL CHEMISTRY,3,,,,,,,
CHGN,337,ANALYTICAL CHEMISTRY LABORATORY,1,,,,,,,
CHGN,340,COOPERATIVE EDUCATION,3,,,,,,,
CHGN,341,INORGANIC CHEMISTRY I,3,1,0,0,0,,,
CHGN,351,PHYSICAL CHEMISTRY: A MOLECULAR PERSPECTIVE I,4,1,1,1,0,,,
CHGN,353,PHYSICAL CHEMISTRY: A MOLECULAR PERSPECTIVE II,4,1,0,0,0,,,
CHGN,395,INTRODUCTION TO UNDERGRADUATE RESEARCH,1,1,0,0,0,,,
CHGN,396,UNDERGRADUATE RESEARCH,,1,1,1,0,,,
CHGN,398,SPECIAL TOPICS IN CHEMISTRY,,1,1,0,0,,,
CHGN,399,INDEPENDENT STUDY,,1,1,0,0,,,
CHGN,401,INORGANIC CHEMISTRY II,3,1,0,0,0,,,
CHGN,403,INTRODUCTION TO ENVIRONMENTAL CHEMISTRY,3,,,,,CHGC505,,
CHGN,406,INTRODUCTION TO GEOCHEMISTRY,3,1,0,0,0,,,
CHGN,409,BIOLOGICAL INORGANIC CHEMISTRY,3,,,,,,,
CHGN,410,SURFACE CHEMISTRY,3,,,,,MLGN510,,
CHGN,411,APPLIED RADIOCHEMISTRY,3,1,0,0,0,,,
CHGN,422,POLYMER CHEMISTRY LABORATORY,1,1,0,0,0,,,
CHGN,428,BIOCHEMISTRY,3,1,0,0,0,,,
CHGN,429,BIOCHEMISTRY II,3,,,,,,,
CHGN,430,INTRODUCTION TO POLYMER SCIENCE,3,,,,,MLGN530,,
CHGN,431,INTRODUCTORY BIOCHEMISTRY LABORATORY,2,,,,,,,
CHGN,441,THE CHEMISTRY AND BIOCHEMISTRY OF PHARMACEUTICALS,3,,,,,,,
CHGN,445,CHEMICAL BIOLOGY,3,,,,,,,
CHGN,462,MICROBIOLOGY,3,,,,,CHGN562,,
CHGN,475,COMPUTATIONAL CHEMISTRY,3,1,0,0,0,,,
CHGN,490,CHEMISTRY FIELD SESSION,6,0,0,1,0,,,
CHGN,495,UNDERGRADUATE RESEARCH,,,,,,,,
CHGN,497,INTERNSHIP,,,,,,,,
CHGN,498,SPECIAL TOPICS IN CHEMISTRY,,1,1,0,0,,,
CHGN,499,INDEPENDENT STUDY,,1,1,0,0,,,
CSCI,101,INTRODUCTION TO COMPUTER SCIENCE,3,,,,,,,
CSCI,102,INTRODUCTION TO COMPUTER SCIENCE - LAB,1,,,,,,,
CSCI,198,SPECIAL TOPICS,,1,1,0,0,,,
CSCI,199,INDEPENDENT STUDY,,1,1,0,0,,,
CSCI,200,FOUNDATIONAL PROGRAMMING CONCEPTS & DESIGN,3,,,,,,,
CSCI,220,DATA STRUCTURES AND ALGORITHMS,3,,,,,,,
CSCI,250,PYTHON-BASED COMPUTING: BUILDING A SENSOR SYSTEM,3,,,,,,,MATH213&PHGN200
CSCI,260,FORTRAN PROGRAMMING,2,1,0,0,0,,,
CSCI,261,PROGRAMMING CONCEPTS,3,,,,,,,
CSCI,262,DATA STRUCTURES,3,,,,,,CSCI261,
CSCI,274,INTRODUCTION TO THE LINUX OPERATING SYSTEM,1,1,1,0,0,,CSCI261,
CSCI,290,PROGRAMMING CHALLENGES I,1,,,,,,,CSCI262
CSCI,295,INDUSTRY EXPLORATION I,1,,,,,,,
CSCI,298,SPECIAL TOPICS,,1,1,0,0,,,
CSCI,299,INDEPENDENT STUDY,,1,1,0,0,,,
CSCI,303,INTRODUCTION TO DATA SCIENCE,3,,,,,,CSCI101|CSCI102|CSCI261,
CSCI,306,SOFTWARE ENGINEERING,3,1,1,0,0,,CSCI262,
CSCI,340,COOPERATIVE EDUCATION,3,,,,,,,
CSCI,341,COMPUTER ORGANIZATION,3,1,1,0,0,,CSCI261,CSCI262
CSCI,358,DISCRETE MATHEMATICS,3,1,1,0,0,,MATH213|MATH223|MATH224,
CSCI,370,ADVANCED SOFTWARE ENGINEERING,4.5,1,0,1,0,,CSCI306,
CSCI,390,PROGRAMMING CHALLENGES II,1,,,,,,CSCI290,CSCI358
CSCI,395,INDUSTRY EXPLORATION II,1,,,,,,,
CSCI,398,SPECIAL TOPICS,,1,1,0,0,,,
CSCI,399,INDEPENDENT STUDY,,1,1,0,0,,,
CSCI,400,PRINCIPLES OF PROGRAMMING LANGUAGES,3,,,,,,CSCI306&CSCI358,
CSCI,403,DATA BASE MANAGEMENT,3,1,1,0,0,,CSCI262,
CSCI,404,ARTIFICIAL INTELLIGENCE,3,1,0,0,0,,CSCI262&MATH201,
CSCI,406,ALGORITHMS,3,,,,,MATH406,CSCI262&(MATH213|MATH223|MATH224)&(MATH300|MATH358|CSCI358),
CSCI,410,ELEMENTS OF COMPUTING SYSTEMS,3,1,1,0,0,,CSCI341|EENG383,
CSCI,422,USER INTERFACES,3,1,0,0,0,,CSCI262,
CSCI,423,COMPUTER SIMULATION,3,,,,,,CSCI274&CSCI306&MATH201,
CSCI,425,COMPILER DESIGN,3,,,,,,CSCI274&CSCI306&CSCI341,
CSCI,432,ROBOT ETHICS,3,1,0,0,0,,CSCI262&MATH201,
CSCI,436,HUMAN-ROBOT INTERACTION,3,,,,,,CSCI262&MATH201,
CSCI,437,INTRODUCTION TO COMPUTER VISION,3,,,,,CSCI512&EENG507&EENG512,(MATH201|EENG311)&MATH332&CSCI261&SENIOR,
CSCI,440,PARALLEL COMPUTING FOR SCIENTISTS AND ENGINEERS,3,,,,,MATH440,CSCI262&CSCI341,
CSCI,441,COMPUTER GRAPHICS,3,,,,,MATH441,CSCI262&MATH332,
CSCI,442,OPERATING SYSTEMS,3,1,1,0,0,,CSCI262&CSCI274&CSCI341,
CSCI,443,ADVANCED PROGRAMMING CONCEPTS USING JAVA,3,1,1,0,0,,CSCI306,
CSCI,444,ADVANCED COMPUTER GRAPHICS,3,,,,,MATH444,CSCI441,
CSCI,445,WEB PROGRAMMING,3,,,,,,CSCI262,CSCI403
CSCI,446,WEB APPLICATIONS,3,1,0,0,0,,CSCI262,CSCI403
CSCI,448,MOBILE APPLICATION DEVELOPMENT,3,1,0,0,0,,CSCI306,
CSCI,455,GAME THEORY AND NETWORKS,3,,,,,CSCI555,CSCI358&CSCI406,
CSCI,470,INTRODUCTION TO MACHINE LEARNING,3,1,0,0,0,,(CSCI101|CSCI102|CSCI261)&MATH201&MATH332,
CSCI,471,COMPUTER NETWORKS I,3,1,0,0,0,,CSCI262&CSCI274,
CSCI,473,HUMAN-CENTERED ROBOTICS,3,,,,,CSCI573,CSCI262&MATH201,
CSCI,474,INTRODUCTION TO CRYPTOGRAPHY,3,,,,,MATH474,CSCI262&CSCI358&(MATH334|MATH335|MATH201),
CSCI,475,INFORMATION SECURITY AND PRIVACY,3,1,0,0,0,,CSCI262&CSCI341,
CSCI,477,ELEMENTS OF GAMES AND GAME DEVELOPMENT,3,,,,,,CSCI262,
CSCI,478,INTRODUCTION TO BIOINFORMATICS,3,,,,,,CSCI101|CSCI102|CSCI261,
CSCI,480,COMPUTER SCIENCE HONORS THESIS,3,1,1,0,0,,CSCI306,
CSCI,490,PROGRAMMING CHALLENGES III,1,,,,,,CSCI390,CSCI406
CSCI,498,SPECIAL TOPICS,,1,1,0,0,,,
CSCI,499,INDEPENDENT STUDY,,1,1,0,0,,,
EBGN,198,SPECIAL TOPICS IN ECONOMICS AND BUSINESS,,1,1,0,0,,,
EBGN,199,INDEPENDENT STUDY,,1,1,0,0,,,
EBGN,201,PRINCIPLES OF ECONOMICS,3,1,1,1,0,,,
EBGN,230,INTRODUCTION TO BUSINESS,3,,,,,,,
EBGN,298,SPECIAL TOPICS IN ECONOMICS AND BUSINESS,,1,1,0,0,,,
EBGN,299,INDEPENDENT STUDY,,1,1,0,0,,,
EBGN,301,INTERMEDIATE MICROECONOMICS,3,,,,,EBGN411,,
EBGN,302,INTERMEDIATE MACROECONOMICS,3,,,,,EBGN412,,
EBGN,303,ECONOMETRICS,3,,,,,EBGN390,,
EBGN,304,PERSONAL FINANCE,3,,,,,,,
EBGN,305,FINANCIAL ACCOUNTING,3,,,,,,,
EBGN,306,MANAGERIAL ACCOUNTING,3,,,,,,,
EBGN,307,BUSINESS COMMUNICATIONS,3,,,,,,,
EBGN,308,PRINCIPLES OF MARKETING,3,,,,,,,
EBGN,310,ENVIRONMENTAL AND RESOURCE ECONOMICS,3,1,0,0,0,,,
EBGN,315,THE ECONOMICS OF STRATEGY,3,,,,,,,
EBGN,320,ECONOMICS AND TECHNOLOGY,3,1,0,0,0,,,
EBGN,321,ENGINEERING ECONOMICS,3,,,,,CHEN421,,
EBGN,330,ENERGY ECONOMICS,3,,,,,ENGY330,,
EBGN,340,ENERGY AND ENVIRONMENTAL POLICY,3,,,,,,,
EBGN,345,PRINCIPLES OF CORPORATE FINANCE,3,1,0,0,0,,,
EBGN,346,INTRODUCTION TO INVESTMENTS,3,,,,,,,
EBGN,360,INTRODUCTION TO ENTREPRENEURSHIP,3,,,,,,,
EBGN,398,SPECIAL TOPICS IN ECONOMICS AND BUSINESS,,1,1,0,0,,,
EBGN,399,INDEPENDENT STUDY,,1,1,0,0,,,
EBGN,401,ADVANCED TOPICS IN ECONOMICS,3,1,0,0,0,,,
EBGN,403,FIELD SESSION,3,,,,,EBGN402,,
EBGN,409,MATHEMATICAL ECONOMICS,3,,,,,,,
EBGN,425,BUSINESS ANALYTICS,3,,,,,,,
EBGN,430,ADVANCED ENERGY ECONOMICS,3,1,0,0,0,,,
EBGN,434,PROPERTY RIGHTS AND NATURAL RESOURCES,3,,,,,,,
EBGN,435,ECONOMICS OF WATER RESOURCES,3,,,,,,,
EBGN,437,REGIONAL ECONOMICS,3,1,0,0,0,,,
EBGN,441,INTERNATIONAL ECONOMICS,3,,,,,,,
EBGN,443,PUBLIC ECONOMICS,3,,,,,,,
EBGN,444,INNOVATE X,3,,,,,,,
EBGN,453,PROJECT MANAGEMENT,3,,,,,,,
EBGN,455,LINEAR PROGRAMMING,3,,,,,,,
EBGN,459,SUPPLY CHAIN MANAGEMENT,3,,,,,,,
EBGN,460,BUSINESS MODEL DEVELOPMENT,3,1,0,0,0,,,
EBGN,461,STOCHASTIC MODELS IN MANAGEMENT SCIENCE,3,,,,,,,
EBGN,470,ENVIRONMENTAL ECONOMICS,3,1,0,0,0,,,
EBGN,474,"INVENTING, PATENTING AND LICENSING",3,0,0,1,0,,,
EBGN,485,BUSINESS STRATEGY,3,,,,,,,
EBGN,495,ECONOMIC FORECASTING,3,,,,,,,
EBGN,496,PAYNE SCHOLARS PROGRAM,1,,,,,,,
EBGN,498,SPECIAL TOPICS IN ECONOMICS AND BUSINESS,,1,1,0,0,,,
EBGN,499,INDEPENDENT STUDY,,1,1,0,0,,,
EDNS,151,DESIGN I,3,,,,,EPIC151,,
EDNS,155,DESIGN I: GRAPHICS,1,,,,,EPIC155,,
EDNS,156,AUTOCAD BASICS,1,1,1,0,0,,,
EDNS,157,SOLIDWORKS BASICS (FOR CERTIFICATION),1,1,1,0,0,,,
EDNS,191,INTRODUCTION TO INTEGRATIVE DESIGN,3,,,,,,,
EDNS,192,DESIGN AND HUMAN VALUES,4,,,,,,,
EDNS,198,SPECIAL TOPCS,,1,1,0,0,,,
EDNS,199,INDEPENDENT STUDY,,1,1,0,0,,,
EDNS,200,DESIGN COMMUNICATIONS,3,1,1,0,0,,,
EDNS,205,PROGRAMMING CONCEPTS AND ENGINEERING ANALYSIS,3,1,1,0,0,,,
EDNS,251,DESIGN II,3,,,,,EPIC251,,
EDNS,261,DESIGN II: GIS,3,,,,,EPIC261,,
EDNS,262,DESIGN II: AUTOCAD,3,,,,,EPIC262,,
EDNS,263,DESIGN II: MATERIALS,3,,,,,EPIC271,,
EDNS,264,DESIGN II: GEOLOGY GIS,3,,,,,EPIC264,,
EDNS,269,DESIGN II: ENGINEERING PHYSICS,3,,,,,EPIC269,,
EDNS,291,DESIGN UNLEASHED,3,1,0,0,0,,,
EDNS,292,DESIGN FOR A GLOBALIZED WORLD,3,1,0,0,0,,,
EDNS,298,SPECIAL TOPICS,,1,1,0,0,,,
EDNS,299,INDEPENDENT STUDY,,1,1,0,0,,,
EDNS,301,HUMAN-CENTERED PROBLEM DEFINITION,3,1,1,0,0,,,
EDNS,315,ENGINEERING FOR SOCIAL AND ENVIRONMENTAL RESPONSIBILITY,3,1,1,0,0,,,
EDNS,375,ENGINEERING CULTURES,3,,,,,LAIS375,,
EDNS,391,DESIGN & MODELING OF INTEGRATED SYSTEMS,3,1,0,0,0,,,
EDNS,392,SYNTHESIZE DESIGN IDENTITY,3,1,0,0,0,,,
EDNS,398,SPECIAL TOPICS,,1,1,0,0,,,
EDNS,399,INDEPENDENT STUDY,,1,1,0,0,,,
EDNS,401,PROJECTS FOR PEOPLE,3,1,1,0,0,,,
EDNS,430,CORPORATE SOCIAL RESPONSIBILITY,3,,,,,LAIS430,,
EDNS,475,ENGINEERING CULTURES IN THE DEVELOPING WORLD,3,,,,,LAIS475,,
EDNS,477,ENGINEERING AND SUSTAINABLE COMMUNITY DEVELOPMENT,3,1,1,0,0,,,
EDNS,478,ENGINEERING AND SOCIAL JUSTICE,3,,,,,LAIS478,,
EDNS,479,COMMUNITY-BASED RESEARCH,3,,,,,,,
EDNS,480,ANTHROPOLOGY OF DEVELOPMENT,3,,,,,LAIS480,,
EDNS,491,SENIOR DESIGN I,3,,,,,EGGN491,,
EDNS,492,SENIOR DESIGN II,3,1,1,0,0,,,
EDNS,498,SPECIAL TOPICS,6,1,1,0,0,,,
EDNS,499,INDEPENDENT STUDY,,1,1,0,0,,,
EENG,198,SPECIAL TOPICS,,1,1,0,0,,,
EENG,199,INDEPENDENT STUDY,,1,1,0,0,,,
EENG,281,"INTRODUCTION TO ELECTRICAL CIRCUITS, ELECTRONICS AND POWER",3,,,,,,PHGN200,
EENG,282,ELECTRICAL CIRCUITS,4,1,1,0,0,,PHGN200,
EENG,284,DIGITAL LOGIC,4,,,,,,CSCI261,EENG282|EENG281|PHGN215
EENG,298,SPECIAL TOPICS IN ELECTRICAL ENGINEERING,,1,1,0,0,,,
EENG,299,INDEPENDENT STUDY,,1,1,0,0,,,
EENG,307,INTRODUCTION TO FEEDBACK CONTROL SYSTEMS,3,,,,,,(EENG281|EENG282|PHGN215)&MATH225,
EENG,310,INFORMATION SYSTEMS SCIENCE I,4,,,,,EENG388,(EENG281|EENG282|PHGN215)&MATH225,
EENG,311,INFORMATION SYSTEMS SCIENCE II,3,1,1,0,0,,EENG310,
EENG,340,COOPERATIVE EDUCATION,3,1,1,1,0,,,
EENG,350,SYSTEMS EXPLORATION AND ENGINEERING DESIGN LAB,2,1,1,0,0,,EENG307&EENG383,
EENG,383,MICROCOMPUTER ARCHITECTURE AND INTERFACING,4,1,1,0,0,,(EENG281|EENG282|PHGN215)&(EENG284|PHGN317),
EENG,385,ELECTRONIC DEVICES AND CIRCUITS,4,1,1,0,0,,EENG307&EENG383,
EENG,386,FUNDAMENTALS OF ENGINEERING ELECTROMAGNETICS,3,1,1,0,0,,(EENG281|EENG282)&MATH225,
EENG,389,FUNDAMENTALS OF ELECTRIC MACHINERY,4,1,1,0,0,,(EENG281|EENG282),
EENG,390,"ENERGY, ELECTRICITY, RENEWABLE ENERGY, AND ELECTRIC POWER GRID",3,1,0,0,0,,(EENG281|EENG282|PHGN215),
EENG,391,FE ON ENERGY SYSTEMS AND POWER ELECTRONICS,1,,,,,,EENG385&EENG389&EENG284&EENG282&EENG307,
EENG,392,FE ON INFORMATION AND SYSTEMS SCIENCES,1,1,0,0,0,,(EENG281|EENG282)&CSCI261,EENG307
EENG,393,FE ON INTEGRATED CIRCUITS AND ELECTRONICS PRACTICUM,1,1,0,0,0,,(EENG383|EENG385),
EENG,394,FE ON ANTENNAS AND WIRELESS COMMUNICATIONS,1,1,0,0,0,,,
EENG,395,UNDERGRADUATE RESEARCH,,1,1,0,0,,,
EENG,398,SPECIAL TOPICS IN ELECTRICAL ENGINEERING,6,1,1,0,0,,,
EENG,399,INDEPENDENT STUDY,,1,1,0,0,,,
EENG,411,DIGITAL SIGNAL PROCESSING,3,1,0,0,0,,EENG310,
EENG,413,ANALOG AND DIGITAL COMMUNICATION SYSTEMS,4,1,0,0,0,,EENG310,
EENG,415,DATA SCIENCE FOR ELECTRICAL ENGINEERING,3,,,,,,EENG311,
EENG,417,MODERN CONTROL DESIGN,3,1,0,0,0,,EENG307,
EENG,421,SEMICONDUCTOR DEVICE PHYSICS AND DESIGN,3,1,0,0,0,,PHGN200,
EENG,423,INTRODUCTION TO VLSI DESIGN,3,1,0,0,0,,(EENG281|EENG282)&EENG284,
EENG,425,INTRODUCTION TO ANTENNAS,3,1,0,0,0,,EENG386,
EENG,427,WIRELESS COMMUNICATIONS,3,,,,,,(EENG311|MATH201)&EENG310,
EENG,428,COMPUTATIONAL ELECTROMAGNETICS,3,1,0,0,0,,EENG386,
EENG,429,ACTIVE RF & MICROWAVE DEVICES,3,1,0,0,0,,EENG385,
EENG,430,PASSIVE RF & MICROWAVE DEVICES,3,1,0,0,0,,EENG386,
EENG,437,INTRODUCTION TO COMPUTER VISION,3,1,0,0,0,,(MATH201|EENG311)&MATH332&CSCI261&SENIOR,
EENG,470,INTRODUCTION TO HIGH POWER ELECTRONICS,3,1,0,0,0,,EENG282,
EENG,475,"INTERCONNECTION OF RENEWABLE ENERGY, INTEGRATED POWER ELECTRONICS, POWER SYSTEMS, AND POWER QUALITY",3,1,0,0,0,,EENG282,
EENG,480,POWER SYSTEMS ANALYSIS,3,1,0,0,0,,EENG389,
EENG,481,ANALYSIS AND DESIGN OF ADVANCED ENERGY SYSTEMS,3,,,,,,EENG480,
EENG,486,ELECTROMAGNETIC FIELDS AND WAVES,3,1,0,0,0,,EENG386,
EENG,489,COMPUTATIONAL METHODS IN ENERGY SYSTEMS AND POWER ELECTRONICS,3,1,0,0,0,,(EENG282|EENG382),
EENG,495,UNDERGRADUATE RESEARCH,,1,1,0,0,,,
EENG,498,SPECIAL TOPICS IN ELECTRICAL ENGINEERING,,1,1,0,0,,,
EENG,499,INDEPENDENT STUDY,,1,1,0,0,,,
GEGN,101,EARTH AND ENVIRONMENTAL SYSTEMS,4,,,,,SYGN101,,
GEGN,198,SPECIAL TOPICS,,1,1,0,0,,,
GEGN,199,INDEPENDENT STUDY,,1,1,0,0,,,
GEGN,203,ENGINEERING TERRAIN ANALYSIS,2,1,0,0,0,,,
GEGN,204,GEOLOGIC PRINCIPLES AND PROCESSES,2,1,0,0,0,,,
GEGN,205,ADVANCED PHYSICAL GEOLOGY LABORATORY,1,1,0,0,0,,,
GEGN,212,PETROLOGY FOR GEOLOGICAL ENGINEERS,4,,,,,,,
GEGN,217,GEOLOGIC FIELD METHODS,2,,,,,,,
GEGN,298,SPECIAL TOPICS,,1,1,0,0,,,
GEGN,299,INDEPENDENT STUDY IN ENGINEERING GEOLOGY OR ENGINEERING HYDROGEOLOGY,,1,1,0,0,,,
GEGN,307,PETROLOGY,3,,,,,GEOL307,,
GEGN,316,FIELD GEOLOGY,6,,,,,,,
GEGN,317,GEOLOGIC FIELD SKILLS,1,,,,,,,
GEGN,330,GEOSCIENTISTS THERMODYNAMICS,3,,,,,,,
GEGN,340,COOPERATIVE EDUCATION,,,,,,,,
GEGN,342,ENGINEERING GEOMORPHOLOGY,3,1,0,0,0,,,
GEGN,351,GEOLOGICAL FLUID MECHANICS,3,1,0,0,0,,,
GEGN,398,SEMINAR IN GEOLOGY OR GEOLOGICAL ENGINEERING,,1,1,0,0,,,
GEGN,399,INDEPENDENT STUDY IN ENGINEERING GEOLOGY OR ENGINEERING HYDROGEOLOGY,,1,1,0,0,,,
GEGN,401,MINERAL DEPOSITS,4,,,,,,,
GEGN,403,MINERAL EXPLORATION DESIGN,3,1,0,0,0,,,
GEGN,404,ORE MICROSCOPY,3,1,0,0,0,,,
GEGN,432,GEOLOGICAL DATA MANAGEMENT,3,,,,,,,
GEGN,438,PETROLEUM GEOLOGY,4,1,0,0,0,,,
GEGN,439,PETROLEUM EXPLORATION DESIGN,3,,,,,PEGN439,,
GEGN,466,GROUNDWATER ENGINEERING,3,1,0,0,0,,,
GEGN,467,GROUNDWATER ENGINEERING,4,1,0,0,0,,,
GEGN,468,ENGINEERING GEOLOGY AND GEOTECHNICS,4,1,0,0,0,,,
GEGN,469,ENGINEERING GEOLOGY DESIGN,3,1,0,0,0,,,
GEGN,470,GROUND-WATER ENGINEERING DESIGN,3,1,0,0,0,,,
GEGN,473,GEOLOGICAL ENGINEERING SITE INVESTIGATION,3,,,,,,,
GEGN,475,APPLICATIONS OF GEOGRAPHIC INFORMATION SYSTEMS,3,1,0,0,0,,,
GEGN,481,ANALYTICAL HYDROLOGY,3,,,,,GEGN581,,
GEGN,483,MATHEMATICAL MODELING OF GROUNDWATER SYSTEMS,3,1,0,0,0,,,
GEGN,498,SEMINAR IN GEOLOGY OR GEOLOGICAL ENGINEERING,,1,1,0,0,,,
GEGN,499,INDEPENDENT STUDY IN ENGINEERING GEOLOGY OR ENGINEERING HYDROGEOLOGY,,1,1,0,0,,,
GPGN,101,INTRODUCTION TO GEOPHYSICS: GEOPHYSICS AND SOCIETY,3,1,0,0,0,,,
GPGN,198,SPECIAL TOPICS,,1,1,0,0,,,
GPGN,199,INDEPENDENT STUDY,,1,1,0,0,,,
GPGN,228,INTRODUCTION TO ROCK PHYSICS,3,1,0,0,0,,,
GPGN,229,MATHEMATICAL GEOPHYSICS,3,1,0,0,0,,,
GPGN,268,GEOPHYSICAL DATA ANALYSIS,3,,,,,EPIC268,,
GPGN,298,SPECIAL TOPICS,,1,1,0,0,,,
GPGN,299,INDEPENDENT STUDY,,1,1,0,0,,,
GPGN,318,APPLIED GEOPHYSICS I,3,,,,,,,
GPGN,319,APPLIED GEOPHYSICS II,3,,,,,,,
GPGN,328,PHYSICS OF THE EARTH - I,3,1,0,0,0,,,
GPGN,329,PHYSICS OF THE EARTH - II,3,1,0,0,0,,,
GPGN,340,COOPERATIVE EDUCATION,,,,,,,,
GPGN,350,SCIENCE AND COMMUNICATION SKILLS,3,1,0,0,0,,,
GPGN,398,SPECIAL TOPICS,,1,1,0,0,,,
GPGN,399,INDEPENDENT STUDY,,1,1,0,0,,,
GPGN,404,DIGITAL SIGNAL PROCESSING,3,1,0,0,0,,,
GPGN,409,INVERSION,3,1,0,0,0,,,
GPGN,411,GRAVITY AND MAGNETIC METHODS,3,,,,,GPGN414,,
GPGN,419,INTRODUCTION TO FORMATION EVALUATION AND WELL LOGGING,3,1,1,0,0,,,
GPGN,420,ELECTRICAL AND ELECTROMAGNETIC METHODS,3,,,,,GPGN422,,
GPGN,435,GEOPHYSICAL COMPUTING,3,1,0,0,0,,,
GPGN,436,GEOPHYSICAL COMPUTING,3,,,,,GPGN435,,
GPGN,438,GEOPHYSICS PROJECT DESIGN,3,1,0,0,0,,,
GPGN,455,EARTHQUAKE SEISMOLOGY,3,,,,,GPGN555,,
GPGN,458,SEISMIC INTERPRETATION,3,1,0,0,0,,,
GPGN,461,SEISMIC DATA PROCESSING,4,,,,,GPGN452,,
GPGN,470,APPLICATIONS OF SATELLITE REMOTE SENSING,3,1,0,0,0,,,
GPGN,471,GEODYNAMICS AND GEOLOGY,2,1,0,0,0,,,
GPGN,474,HYDROGEOPHYSICS,3,1,0,0,0,,,
GPGN,486,GEOPHYSICS FIELD CAMP,4,0,0,1,0,,,
GPGN,498,SPECIAL TOPICS IN GEOPHYSICS,,1,1,0,0,,,
GPGN,499,GEOPHYSICAL INVESTIGATION,,1,1,0,0,,,
HASS,100,NATURE AND HUMAN VALUES,4,,,,,CSM191&CSM192&HNRS105&HNRS115&HNRS198A&LAIS100,,
HASS,101,ACADEMIC ENGLISH PROFICIENCY,3,,,,,,,
HASS,198,SPECIAL TOPICS,,1,1,0,0,,,
HASS,199,INDEPENDENT STUDY,,1,1,0,0,,,
HASS,200,GLOBAL STUDIES,3,,,,,LAIS200&SYGN200,HASS100,
HASS,201,WORKSHOP FOUNDATIONS: THE ART AND CRAFT OF CREATIVE WRITING,3,,,,,LAIS201,,
HASS,202,TECHNICAL COMMUNICATION,3,1,0,0,0,,,
HASS,220,INTRODUCTION TO PHILOSOPHY,3,,,,,LAIS220,,
HASS,221,INTRODUCTION TO RELIGIONS,3,,,,,LAIS221,,
HASS,226,BEGINNING CLASS PIANO AND FUNDAMENTALS OF MUSIC,3,,,,,LAIS226,,
HASS,227,BEGINNING ORCHESTRAL STRINGS AND FUNDAMENTALS OF MUSIC,3,,,,,,,
HASS,286,GLOBAL POLITICS & SOCIETY,3,,,,,LAIS286,,
HASS,298,SPECIAL TOPICS,,1,1,0,0,,,
HASS,298,SPECIAL TOPICS,6,,,,,LAIS298B,,
HASS,298,SPECIAL TOPICS,6,,,,,LAIS298C,,
HASS,299,INDEPENDENT STUDY,,1,1,0,0,,,
HASS,299,INDEPENDENT STUDY,,,,,,LAIS299B,,
HASS,299,INDEPENDENT STUDY,,,,,,LAIS299C,,
HASS,299,INDEPENDENT STUDY,,,,,,LAIS299D,,
HASS,300,CREATIVE WRITING: FICTION,3,,,,,LAIS300,,
HASS,301,INTERMEDIATE POETRY WRITING WORKSHOP,3,,,,,LAIS301,,
HASS,302,INTERMEDIATE SHORT FICTION WRITING WORKSHOP,3,,,,,,,
HASS,303,FOUNDATIONS: THE ART AND CRAFT OF THE CREATIVE WRITING WORKSHOP,3,,,,,,,
HASS,305,AMERICAN LITERATURE: COLONIAL PERIOD TO THE PRESENT,3,,,,,LAIS305,,
HASS,307,EXPLORATIONS IN COMPARATIVE LITERATURE,3,,,,,LAIS307,,
HASS,309,LITERATURE AND SOCIETY,3,,,,,LAIS309,,
HASS,315,MUSICAL TRADITIONS OF THE WESTERN WORLD,3,,,,,LAIS315,,
HASS,316,JAZZ AND AMERICAN POPULAR MUSIC,3,,,,,,,
HASS,317,"ACTING, LOCUTION & PUBLIC PERFORMANCE",3,,,,,,,
HASS,318,"THEATER TECHNOLOGY, PRODUCTION & PERFORMANCE",3,,,,,,,
HASS,319,"INTRODUCTION TO VOICE, MOVEMENT AND IMPROVISATION IN PERFORMANCE AND PRESENTATION",3,,,,,,,
HASS,320,ETHICS,3,,,,,LAIS320,,
HASS,323,INTRODUCTION TO SCIENCE COMMUNICATION,3,,,,,LAIS323,,
HASS,324,AUDIO/ACOUSTICAL ENGINEERING AND SCIENCE,3,,,,,LAIS324,,
HASS,325,CULTURAL ANTHROPOLOGY,3,,,,,LAIS325,,
HASS,326,MUSIC THEORY,3,,,,,LAIS326,,
HASS,327,MUSIC TECHNOLOGY,3,,,,,LAIS327,,
HASS,328,BASIC MUSIC COMPOSITION AND ARRANGING,1,,,,,LAIS328,,
HASS,330,MUSIC TECHNOLOGY CAPSTONE,3,,,,,LAIS330,,
HASS,339,MIDDLE EAST: POLITICS & SOCIETY,3,,,,,LAIS339,,
HASS,344,INTERNATIONAL RELATIONS,3,,,,,LAIS344,,
HASS,360,"RESEARCH, VALUES, AND COMMUNICATION",3,,,,,,,
HASS,365,HISTORY OF WAR,3,,,,,LAIS365,,
HASS,366,DIVIDED STATES OF AMERICA,3,,,,,,,
HASS,370,HISTORY OF SCIENCE,3,,,,,LAIS370,,
HASS,372,HISTORY OF MEDICINE,3,,,,,,,
HASS,376,COMMUNITY ENGAGEMENT THROUGH SERVICE LEARNING,3,,,,,LAIS376,,
HASS,398,SPECIAL TOPICS,,1,1,0,0,,,
HASS,398,SPECIAL TOPICS,,,,,,LAIS398B,,
HASS,398,SPECIAL TOPICS,,,,,,LAIS398C,,
HASS,398,SPECIAL TOPICS,,,,,,LAIS398D,,
HASS,399,INDEPENDENT STUDY,,1,1,0,0,,,
HASS,399,INDEPENDENT STUDY,,,,,,LAIS399B,,
HASS,399,INDEPENDENT STUDY,,,,,,LAIS399C,,
HASS,399,INDEPENDENT STUDY,,,,,,LAIS399D,,
HASS,399,INDEPENDENT STUDY,,,,,,LAIS399E,,
HASS,400,ADVANCED SHORT FICTION WRITING WORKSHOP,3,1,0,0,0,,,
HASS,401,ADVANCED POETRY WRITING WORKSHOP,3,,,,,LAIS401,,
HASS,404,"WOMEN, LITERATURE, AND SOCIETY",3,,,,,LAIS404,,
HASS,406,THE LITERATURE OF WAR AND REMEMBRANCE,3,,,,,LAIS406,,
HASS,407,SCIENCE IN LITERATURE,3,,,,,LAIS407,,
HASS,408,CREATIVE NONFICTION WRITING: LIFE STORIES,3,,,,,LAIS408,,
HASS,410,CRITICAL PERSPECTIVES ON 20TH CENTURY LITERATURE,3,,,,,LAIS410,,
HASS,411,LITERATURES OF THE AFRICAN WORLD,3,,,,,LAIS411,,
HASS,412,LITERATURE AND THE ENVIRONMENT,3,,,,,LAIS412,,
HASS,413,ENVIRONMENTAL FILM,3,,,,,,,
HASS,415,MASS MEDIA STUDIES,3,,,,,LAIS415,,
HASS,416,FILM STUDIES,3,,,,,LAIS416,,
HASS,418,NARRATING THE NATION,3,,,,,LAIS418,,
HASS,419,ENVIRONMENTAL COMMUNICATION,3,,,,,LAIS419,,
HASS,421,ENVIRONMENTAL PHILOSOPHY AND POLICY,3,,,,,LAIS421,,
HASS,422,ART AND ENVIRONMENTALISM,3,,,,,,,
HASS,423,ADVANCED SCIENCE COMMUNICATION,3,,,,,LAIS423,,
HASS,425,INTERCULTURAL COMMUNICATION,3,,,,,LAIS425,,
HASS,427,RISK COMMUNICATION,3,,,,,,,
HASS,429,REAL WORLD RECORDING/RESEARCH,3,,,,,LAIS429,,
HASS,431,"MORAL PSYCHOLOGY, RELIGION, AND AMERICAN SOCIETY",3,,,,,LAIS431,,
HASS,432,ROBOT ETHICS,3,1,0,0,0,,,
HASS,433,SHAKESPEARE AND THE SCIENTIFIC REVOLUTION,3,,,,,LAIS433,,
HASS,435,LATIN AMERICAN DEVELOPMENT,3,,,,,LAIS435,,
HASS,437,ASIAN DEVELOPMENT,3,,,,,LAIS437,,
HASS,439,MIDDLE EAST DEVELOPMENT,3,,,,,LAIS439,,
HASS,448,GLOBAL ENVIRONMENTAL ISSUES,3,,,,,LAIS448,,
HASS,450,POLITICAL RISK ASSESSMENT,3,,,,,LAIS450,,
HASS,460,GEOPOLITICS OF NATURAL RESOURCES,3,,,,,LAIS460,,
HASS,463,HISTORY OF EPIDEMICS,3,,,,,,,
HASS,464,HISTORY OF ENERGY AND THE ENVIRONMENT,3,,,,,LAIS464,,
HASS,466,"SCIENCE, TECHNOLOGY, AND CONFUCIAN ETHICS",3,,,,,,,
HASS,467,HISTORY OF EARTH AND ENVIRONMENTAL SCIENCES,3,,,,,LAIS467,,
HASS,468,ENVIRONMENTAL JUSTICE,3,,,,,,,
HASS,469,SCIENCE AND SPIRITUALITY,3,,,,,,,
HASS,483,INTELLECTUAL PROPERTY FOR ENGINEERS AND ARTISTS,3,,,,,,,
HASS,484,US WATER POLITICS AND POLICY,3,1,0,0,0,,,
HASS,485,CONSTITUTIONAL LAW AND POLITICS,3,,,,,LAIS485,,
HASS,486,SCIENCE AND TECHNOLOGY POLICY,3,,,,,LAIS486,,
HASS,487,ENVIRONMENTAL POLITICS AND POLICY,3,,,,,LAIS487,,
HASS,488,GLOBAL WATER POLITICS AND POLICY,3,,,,,LAIS488,,
HASS,490,ENERGY AND SOCIETY,3,,,,,ENGY490&LAIS490&MNGN490,,
HASS,491,ENERGY POLITICS,3,,,,,,,
HASS,492,ENERGY AND SECURITY POLICY,3,,,,,,,
HASS,498,SPECIAL TOPICS,,1,1,0,0,,,
HASS,498,SPECIAL TOPICS,,,,,,LAIS498B,,
HASS,498,SPECIAL TOPICS,,,,,,LAIS498C,,
HASS,498,SPECIAL TOPICS,,,,,,LAIS498D,,
HASS,498,SPECIAL TOPICS,,,,,,LAIS498E,,
HASS,498,SPECIAL TOPICS,,,,,,LAIS498F,,
HASS,498,SPECIAL TOPICS,,,,,,LAIS498G,,
HASS,498,SPECIAL TOPICS,,,,,,LAIS498H,,
HASS,499,INDEPENDENT STUDY,,1,1,0,0,,,
MEGN,200,INTRODUCTION TO MECHANICAL ENGINEERING: PROGRAMMING AND HARDWARE INTERFACE,3,,,,,,,
MEGN,201,INTRODUCTION TO MECHANICAL ENGINEERING: DESIGN & FABRICATION,3,,,,,,,
MEGN,212,INTRODUCTION TO SOLID MECHANICS,3,,,,,MEGN312,,
MEGN,298,SPECIAL TOPICS,,1,1,0,0,,,
MEGN,299,INDEPENDENT STUDY,,1,1,0,0,,,
MEGN,300,INSTRUMENTATION & AUTOMATION,3,,,,,,,
MEGN,301,MECHANICAL INTEGRATION & DESIGN,2,,,,,,,
MEGN,315,DYNAMICS,3,,,,,,,
MEGN,324,INTRODUCTION TO FINITE ELEMENT ANALYSIS,3,,,,,MEGN424,,
MEGN,330,INTRODUCTION TO BIOMECHANICAL ENGINEERING,3,,,,,,,
MEGN,340,COOPERATIVE EDUCATION,3,1,1,1,0,,,
MEGN,351,FLUID MECHANICS,3,,,,,,,
MEGN,361,THERMODYNAMICS I,3,,,,,,,
MEGN,381,MANUFACTURING PROCESSES,3,,,,,MEGN380,,
MEGN,391,AUTOMOTIVE DESIGN: SAE COLLEGIATE DESIGN SERIES (FORMULA SAE),3,,,,,,,
MEGN,398,SPECIAL TOPICS IN MECHANICAL ENGINEERING,,1,1,0,0,,,
MEGN,399,INDEPENDENT STUDY,,1,1,0,0,,,
MEGN,408,INTRODUCTION TO SPACE EXPLORATION,3,,,,,,,
MEGN,412,ADVANCED MECHANICS OF MATERIALS,3,,,,,,,
MEGN,414,MECHANICS OF COMPOSITE MATERIALS,3,,,,,,,
MEGN,416,ENGINEERING VIBRATION,3,,,,,,,
MEGN,417,VEHICLE DYNAMICS & POWERTRAIN SYSTEMS,3,,,,,,,
MEGN,430,MUSCULOSKELETAL BIOMECHANICS,3,1,0,0,0,,,
MEGN,435,MODELING AND SIMULATION OF HUMAN MOVEMENT,3,,,,,,,
MEGN,436,COMPUTATIONAL BIOMECHANICS,3,,,,,,,
MEGN,441,INTRODUCTION TO ROBOTICS,3,1,1,0,0,,CSCI261&(EENG281|EENG282|PHGN215),
MEGN,451,FLUID MECHANICS II - AERODYNAMICS,3,,,,,,,
MEGN,453,AEROSPACE STRUCTURES,3,,,,,,,
MEGN,461,THERMODYNAMICS II,3,,,,,,,
MEGN,466,INTRODUCTION TO INTERNAL COMBUSTION ENGINES,3,,,,,,,
MEGN,467,PRINCIPLES OF BUILDING SCIENCE,3,,,,,,,
MEGN,469,FUEL CELL SCIENCE AND TECHNOLOGY,3,,,,,CBEN469&MTGN469,,
MEGN,471,HEAT TRANSFER,3,1,1,0,0,,,
MEGN,481,MACHINE DESIGN,3,1,1,0,0,,,
MEGN,485,MANUFACTURING OPTIMIZATION WITH NETWORK MODELS,3,,,,,EBGN456,,
MEGN,486,LINEAR OPTIMIZATION,3,,,,,,,
MEGN,487,NONLINEAR OPTIMIZATION,3,,,,,MEGN587,,
MEGN,488,INTEGER OPTIMIZATION,3,,,,,MEGN588,,
MEGN,498,SPECIAL TOPICS IN MECHANICAL ENGINEERING,,1,1,0,0,,,
MEGN,499,INDEPENDENT STUDY,,,,,,,,
MTGN,198,SPECIAL TOPICS IN METALLURGICAL AND MATERIALS ENGINEERING,,,,,,,,
MTGN,199,INDEPENDENT STUDY,,,,,,,,
MTGN,202,ENGINEERED MATERIALS,3,,,,,SYGN202,,
MTGN,211,STRUCTURE OF MATERIALS,3,1,0,0,0,,,
MTGN,219,ART AND SCIENCE OF GLASSBLOWING,2,,,,,,,
MTGN,251,METALLURGICAL AND MATERIALS THERMODYNAMICS,3,1,0,0,0,,,
MTGN,272,MME FIELD SESSION,3,0,0,1,0,,,
MTGN,281,INTRODUCTION TO PHASE EQUILIBRIA IN MATERIALS SYSTEMS,2,,,,,,,
MTGN,298,SPECIAL TOPICS IN METALLURGICAL AND MATERIALS ENGINEERING,3,,,,,,,
MTGN,298,SPECIAL TOPICS IN METALLURGICAL AND MATERIALS ENGINEERING,3,,,,,,,
MTGN,299,INDEPENDENT STUDY,,,,,,,,
MTGN,300,FOUNDRY METALLURGY,2,1,0,0,0,,,
MTGN,300,FOUNDRY METALLURGY LABORATORY,1,,,,,MTGN302,,
MTGN,314,PROPERTIES AND PROCESSING OF CERAMICS,2,1,0,0,0,,,
MTGN,314,PROPERTIES AND PROCESSING OF CERAMICS LABORATORY,1,1,0,0,0,,,
MTGN,315,ELECTRICAL PROPERTIES AND APPLICATIONS OF MATERIALS,3,,,,,,,
MTGN,333,INTRODUCTION TO BLADESMITHING,3,,,,,,,
MTGN,334,CHEMICAL PROCESSING OF MATERIALS,3,,,,,,,
MTGN,334,CHEMICAL PROCESSING OF MATERIALS LABORATORY,1,1,0,0,0,,,
MTGN,340,COOPERATIVE EDUCATION,,,,,,,,
MTGN,348,MICROSTRUCTURAL DEVELOPMENT,3,,,,,,,
MTGN,348,MICROSTRUCTURAL DEVELOPMENT LABORATORY,1,1,0,0,0,,,
MTGN,350,STATISTICAL PROCESS CONTROL AND DESIGN OF EXPERIMENTS,3,,,,,,,
MTGN,352,METALLURGICAL AND MATERIALS KINETICS,3,,,,,,,
MTGN,398,SPECIAL TOPICS IN METALLURGICAL AND MATERIALS ENGINEERING,,,,,,,,
MTGN,399,INDEPENDENT STUDY,,,,,,,,
MTGN,403,SENIOR THESIS,3,,,,,,,
MTGN,414,ADVANCED PROCESSING AND SINTERING OF CERAMICS,3,1,0,0,0,,,
MTGN,415,ELECTRICAL PROPERTIES AND APPLICATIONS OF MATERIALS,3,1,0,0,0,,,
MTGN,419,NON-CRYSTALLINE MATERIALS,3,,,,,,,
MTGN,429,METALLURGICAL ENVIRONMENT,3,1,0,0,0,,,
MTGN,430,PHYSICAL CHEMISTRY OF IRON AND STEELMAKING,3,,,,,,,
MTGN,431,HYDRO- AND ELECTRO-METALLURGY,3,,,,,,,
MTGN,432,PYROMETALLURGY,3,1,0,0,0,,,
MTGN,442,ENGINEERING ALLOYS,3,,,,,,,
MTGN,445,MECHANICAL PROPERTIES OF MATERIALS,3,1,0,0,0,,,
MTGN,445,MECHANICAL PROPERTIES OF MATERIALS LABORATORY,1,1,0,0,0,,,
MTGN,451,CORROSION ENGINEERING,3,,,,,,,
MTGN,456,ELECTRON MICROSCOPY,2,,,,,,,
MTGN,456,ELECTRON MICROSCOPY LABORATORY,1,,,,,MTGN458,,
MTGN,461,TRANSPORT PHENOMENA AND REACTOR DESIGN FOR METALLURGICAL AND MATERIALS ENGINEERS,3,1,0,0,0,,,
MTGN,462,SOLID WASTE MINIMIZATION AND RECYCLING,3,1,0,0,0,,,
MTGN,464,FORGING AND FORMING,2,,,,,,,
MTGN,464,FORGING AND FORMING LABORATORY,1,1,0,0,0,,,
MTGN,465,MECHANICAL PROPERTIES OF CERAMICS,3,,,,,,,
MTGN,467,"MATERIALS DESIGN: SYNTHESIS, CHARACTERIZATION AND SELECTION",2,1,0,0,0,,,
MTGN,468,"MATERIALS DESIGN: SYNTHESIS, CHARACTERIZATION AND SELECTION",2,1,0,0,0,,,
MTGN,469,FUEL CELL SCIENCE AND TECHNOLOGY,3,,,,,,,
MTGN,472,BIOMATERIALS I,3,1,0,0,0,,,
MTGN,473,COMPUTATIONAL MATERIALS,3,1,0,0,0,,,
MTGN,475,METALLURGY OF WELDING,2,,,,,,,
MTGN,475,METALLURGY OF WELDING LABORATORY,1,,,,,MTGN477,,
MTGN,497,SUMMER PROGRAMS,0,0,0,1,0,,,
MTGN,498,SPECIAL TOPICS IN METALLURGICAL AND MATERIALS ENGINEERING,3,,,,,,,
MTGN,499,INDEPENDENT STUDY,,,,,,,,
MNGN,198,SPECIAL TOPICS IN MINING ENGINEERING,6,1,1,0,0,,,
MNGN,199,INDEPENDENT STUDY,,1,1,0,0,,,
MNGN,203,SOFTWARE FUNDAMENTALS FOR 3D DATA ANALYSIS AND MINE PLANNING,1,,,,,,,
MNGN,205,MINING ENGINEERING FIELD EXPERIENCE,1,,,,,,,
MNGN,210,INTRODUCTORY MINING,3,,,,,,,
MNGN,222,INTRODUCTION TO EXPLOSIVES ENGINEERING,3,0,0,1,0,,,
MNGN,251,METALLURGICAL AND MATERIALS THERMODYNAMICS,3,,,,,,,
MNGN,298,SPECIAL TOPICS IN MINING ENGINEERING,6,1,1,0,0,,,
MNGN,299,INDEPENDENT STUDY,,1,1,0,0,,,
MNGN,301,MINE SURVEYING,2,,,,,,,
MNGN,308,MINE SAFETY,1,1,0,0,0,,,
MNGN,309,MINE SAFETY AND OPERATIONS,2,1,1,0,0,,,
MNGN,310,EARTH MATERIALS,3,1,0,0,0,,,
MNGN,311,MINING GEOLOGY,3,1,0,0,0,,,
MNGN,312,SURFACE MINE DESIGN,3,,,,,,,
MNGN,314,UNDERGROUND MINE DESIGN,3,1,0,0,0,,,
MNGN,316,COAL MINING METHODS,3,1,0,0,0,,,
MNGN,317,DYNAMICS FOR MINING ENGINEERS,1,1,0,0,0,,,
MNGN,318,STATICS AND DYNAMICS COMBINED FOR MN,4,,,,,,,
MNGN,321,INTRODUCTION TO ROCK MECHANICS,3,,,,,,,
MNGN,322,INTRODUCTION TO MINERAL PROCESSING AND LABORATORY,3,1,0,0,0,,,
MNGN,333,EXPLOSIVES ENGINEERING I,3,1,0,0,0,,,
MNGN,334,CHEMICAL PROCESSING OF MATERIALS,3,,,,,,,
MNGN,335,COMMUNITIES AND NATURAL RESOURCE DEVELOPMENT,3,,,,,,,
MNGN,340,COOPERATIVE EDUCATION,3,,,,,,,
MNGN,350,INTRODUCTION TO GEOTHERMAL ENERGY,3,,,,,,,
MNGN,398,SPECIAL TOPICS IN MINING ENGINEERING,,1,1,0,0,,,
MNGN,399,INDEPENDENT STUDY,,1,1,0,0,,,
MNGN,404,TUNNELING,3,1,0,0,0,,,
MNGN,405,ROCK MECHANICS IN MINING,3,1,0,0,0,,,
MNGN,406,DESIGN AND SUPPORT OF UNDERGROUND EXCAVATIONS,3,,,,,,,
MNGN,407,ROCK FRAGMENTATION,3,1,0,0,0,,,
MNGN,408,UNDERGROUND DESIGN AND CONSTRUCTION,2,1,0,0,0,,,
MNGN,410,EXCAVATION PROJECT MANAGEMENT,2,1,0,0,0,,,
MNGN,414,MINE PLANT DESIGN,3,1,0,0,0,,,
MNGN,418,ADVANCED ROCK MECHANICS,3,,,,,MNGN508,,
MNGN,421,DESIGN OF UNDERGROUND EXCAVATIONS,3,1,0,0,0,,,
MNGN,422,FLOTATION,2,,,,,,,
MNGN,423,FLOTATION LABORATORY,1,1,0,0,0,,,
MNGN,424,MINE VENTILATION,3,1,0,0,0,,,
MNGN,425,MINE VENTILATION AND THERMODYNAMICS,4,,,,,,,
MNGN,426,HYDRO- AND ELECTRO-METALLURGY,3,,,,,,,
MNGN,427,MINE VALUATION,2,1,0,0,0,,,
MNGN,428,MINING ENGINEERING EVALUATION AND DESIGN REPORT I,1,,,,,,,
MNGN,429,MINING ENGINEERING EVALUATION AND DESIGN REPORT II,2,1,0,0,0,,,
MNGN,430,PHYSICAL CHEMISTRY OF IRON AND STEELMAKING,3,,,,,,,
MNGN,431,MINING AND METALLURGICAL ENVIRONMENT,3,,,,,,,
MNGN,432,PYROMETALLURGY,3,,,,,,,
MNGN,433,MINE SYSTEMS ANALYSIS I,3,1,0,0,0,,,
MNGN,434,PROCESS ANALYSIS,1,,,,,,,
MNGN,436,UNDERGROUND COAL MINE DESIGN,3,1,0,0,0,,,
MNGN,438,GEOSTATISTICS,3,1,0,0,0,,,
MNGN,440,EQUIPMENT REPLACEMENT ANALYSIS,2,1,0,0,0,,,
MNGN,444,EXPLOSIVES ENGINEERING II,3,1,0,0,0,,,
MNGN,445,ROCK SLOPE ENGINEERING,3,,,,,,,
MNGN,452,SOLUTION MINING AND PROCESSING OF ORES,3,1,0,0,0,,,
MNGN,460,INDUSTRIAL MINERALS PRODUCTION,3,1,0,0,0,,,
MNGN,461,TRANSPORT PHENOMENA AND REACTOR DESIGN FOR METALLURGICAL AND MATERIALS ENGINEERS,3,,,,,,,
MNGN,462,SOLID WASTE MINIMIZATION AND RECYCLING,3,,,,,,,
MNGN,470,SAFETY AND HEALTH MANAGEMENT IN THE MINING INDUSTRY,3,1,0,0,0,,,
MNGN,482,MINE MANAGEMENT,3,1,0,0,0,,,
MNGN,490,ENERGY AND SOCIETY,3,,,,,ENGY490&LAIS490,,
MNGN,498,SPECIAL TOPICS IN MINING ENGINEERING,,1,1,0,0,,,
MNGN,499,INDEPENDENT STUDY,,1,1,0,0,,,
PEGN,198,SPECIAL TOPICS IN PETROLEUM ENGINEERING,,1,1,0,0,,,
PEGN,199,INDEPENDENT STUDY,,1,1,0,0,,,
PEGN,201,PETROLEUM ENGINEERING FUNDAMENTALS,3,,,,,,,
PEGN,251,FLUID MECHANICS,3,,,,,,,
PEGN,282,PROFESSIONAL SKILLS 1,1,,,,,,,
PEGN,298,SPECIAL TOPICS IN PETROLEUM ENGINEERING,,1,1,0,0,,,
PEGN,299,INDEPENDENT STUDY,,1,1,0,0,,,
PEGN,305,COMPUTATIONAL METHODS IN PETROLEUM ENGINEERING,2,1,0,0,0,,,
PEGN,308,RESERVOIR ROCK PROPERTIES,3,1,1,0,0,,,
PEGN,311,DRILLING ENGINEERING,3,,,,,,,
PEGN,312,PROPERTIES OF PETROLEUM ENGINEERING FLUIDS,3,1,0,0,0,,,
PEGN,315,SUMMER FIELD SESSION I,1,0,0,1,0,,,
PEGN,316,SUMMER FIELD SESSION II,2,0,0,1,0,,,
PEGN,340,COOPERATIVE EDUCATION,3,,,,,,,
PEGN,350,SUSTAINABLE ENERGY SYSTEMS,3,,,,,,,
PEGN,361,COMPLETION ENGINEERING,3,1,0,0,0,,,
PEGN,382,PROFESSIONAL SKILLS 2,1,,,,,,,
PEGN,398,SPECIAL TOPICS IN PETROLEUM ENGINEERING,6,1,1,0,0,,,
PEGN,399,INDEPENDENT STUDY,,1,1,0,0,,,
PEGN,411,MECHANICS OF PETROLEUM PRODUCTION,3,1,0,0,0,,,
PEGN,414,WELL TESTING AND ANALYSIS,3,1,0,0,0,,,
PEGN,419,WELL LOG ANALYSIS AND FORMATION EVALUATION,3,,,,,GPGN419,,
PEGN,422,ECONOMICS AND EVALUATION OF OIL AND GAS PROJECTS,3,1,0,0,0,,,
PEGN,423,PETROLEUM RESERVOIR ENGINEERING I,3,1,0,0,0,,,
PEGN,424,PETROLEUM RESERVOIR ENGINEERING II,3,1,0,0,0,,,
PEGN,426,FORMATION DAMAGE AND STIMULATION,3,,,,,,,
PEGN,428,ADVANCED DRILLING ENGINEERING,3,1,0,0,0,,,
PEGN,430,ENVIRONMENTAL LAW AND SUSTAINABILITY,3,1,0,0,0,,,
PEGN,438,PETROLEUM DATA ANALYTICS,3,1,0,0,0,,,
PEGN,439,MULTIDISCIPLINARY PETROLEUM DESIGN,3,,,,,GEGN439&GPGN439,,
PEGN,440,INTRODUCTION TO THE DIGITAL OILFIELD,3,,,,,,,
PEGN,450,ENERGY ENGINEERING,3,,,,,,,
PEGN,460,FLOW IN PIPE NETWORKS,3,1,0,0,0,,,
PEGN,461,SURFACE FACILITIES DESIGN AND OPERATION,3,1,0,0,0,,,
PEGN,462,FLOW ASSURANCE,3,1,0,0,0,,,
PEGN,463,PETROLEUM MIDSTREAM DESIGN,3,1,0,0,0,,,
PEGN,481,PETROLEUM SEMINAR,2,1,0,0,0,,,
PEGN,482,PROFESSIONAL SKILLS 3,1,,,,,,,
PEGN,490,RESERVOIR GEOMECHANICS,3,1,0,0,0,,,
PEGN,498,SPECIAL TOPICS IN PETROLEUM ENGINEERING,,1,1,0,0,,,
PEGN,499,INDEPENDENT STUDY,,1,1,0,0,,,
PHGN,100,PHYSICS I - MECHANICS,4.5,1,1,1,0,,MATH111,MATH112|MATH113|MATH122
PHGN,198,SPECIAL TOPICS,,1,1,0,0,,,
PHGN,199,INDEPENDENT STUDY,,1,1,0,0,,,
PHGN,200,PHYSICS II-ELECTROMAGNETISM AND OPTICS,4.5,,,,,,PHGN100,MATH213|MATH214|MATH223
PHGN,215,ANALOG ELECTRONICS,4,1,0,0,0,,PHGN200,
PHGN,298,SPECIAL TOPICS,,1,1,0,0,,,
PHGN,299,INDEPENDENT STUDY,,1,1,0,0,,,
PHGN,300,PHYSICS III-MODERN PHYSICS I,3,,,,,PHGN310,,
PHGN,310,HONORS PHYSICS III-MODERN PHYSICS,3,,,,,PHGN300,,
PHGN,311,INTRODUCTION TO MATHEMATICAL PHYSICS,3,1,0,0,0,,,
PHGN,315,ADVANCED PHYSICS LAB I,2,1,0,0,0,,,
PHGN,317,SEMICONDUCTOR CIRCUITS- DIGITAL,3,1,0,0,0,,PGHN215&CSCI250,
PHGN,320,MODERN PHYSICS II: BASICS OF QUANTUM MECHANICS,4,1,0,0,0,,,
PHGN,324,INTRODUCTION TO ASTRONOMY AND ASTROPHYSICS,3,1,0,0,0,,,
PHGN,326,ADVANCED PHYSICS LAB II,2,1,0,0,0,,,
PHGN,340,COOPERATIVE EDUCATION,,,,,,,,
PHGN,341,THERMAL PHYSICS,3,1,0,0,0,,,
PHGN,350,INTERMEDIATE MECHANICS,4,1,0,0,0,,,
PHGN,361,INTERMEDIATE ELECTROMAGNETISM,3,1,0,0,0,,,
PHGN,384,FIELD SESSION TECHNIQUES IN PHYSICS,,0,0,1,0,,,
PHGN,398,SPECIAL TOPICS,,1,1,0,0,,,
PHGN,399,INDEPENDENT STUDY,,1,1,0,0,,,
PHGN,401,PHYSICS SEMINAR,1,,,,,,,
PHGN,417,FUNDAMENTALS OF QUANTUM INFORMATION,3,,,,,,,
PHGN,418,GENERAL RELATIVITY,3,1,0,0,0,,,
PHGN,419,PRINCIPLES OF SOLAR ENERGY SYSTEMS,3,,,,,,,
PHGN,422,NUCLEAR PHYSICS,3,,,,,,,
PHGN,423,PARTICLE PHYSICS,3,1,0,0,0,,,
PHGN,424,ASTROPHYSICS,3,1,0,0,0,,,
PHGN,433,BIOPHYSICS,3,,,,,PHGN333,,
PHGN,435,INTERDISCIPLINARY MICROELECTRONICS PROCESSING LABORATORY,3,,,,,CBEN435&CBEN535&CHEN435&CHEN535&MLGN535&PHGN535,,
PHGN,440,SOLID STATE PHYSICS,3,,,,,,,
PHGN,441,SOLID STATE PHYSICS APPLICATIONS AND PHENOMENA,3,,,,,,,
PHGN,450,COMPUTATIONAL PHYSICS,3,,,,,,,
PHGN,461,ELEMENTS OF MODERN OPTICS,3,,,,,,,
PHGN,462,ELECTROMAGNETIC WAVES AND OPTICAL PHYSICS,3,1,0,0,0,,,
PHGN,466,MODERN OPTICAL ENGINEERING,3,,,,,,,
PHGN,471,SENIOR DESIGN PRINCIPLES I,0.5,1,0,0,0,,,
PHGN,472,SENIOR DESIGN PRINCIPLES II,0.5,1,0,0,0,,,
PHGN,480,LASER PHYSICS,3,1,0,0,0,,,
PHGN,481,SENIOR DESIGN PRACTICE,2.5,1,0,0,0,,,
PHGN,482,SENIOR DESIGN PRACTICE,2.5,1,0,0,0,,,
PHGN,491,HONORS SENIOR DESIGN PRACTICE,2.5,1,0,0,0,,,
PHGN,492,HONORS SENIOR DESIGN PRACTICE,2.5,1,0,0,0,,,
PHGN,498,SPECIAL TOPICS,,1,1,0,0,,,
PHGN,498,SPECIAL TOPICS,,,,,,,,
PHGN,499,INDEPENDENT STUDY,,1,1,0,0,,,
CSM,101,FRESHMAN SUCCESS SEMINAR,0.5,1,0,0,0,,,